Comment,Date,Platform,Cleaned_Comment
Gamage Recruiters is one of the most professional recruitment agencies I have worked with. Their attention to detail and candidate matching is exceptional.,2025-07-10,LinkedIn,s  s              s       ss                         s        w      w                                                       s
Not satisfied with the response time. Took weeks to hear back after applying.,2025-08-15,LinkedIn,s   s     w          s   s             w   s
Outstanding support from the team. They truly care about finding the right fit.,2025-09-01,LinkedIn,s        s
Very helpful and responsive team. Streamlined the entire hiring process for us.,2025-09-20,LinkedIn,s   s          s                                  ss      s
"I've had the privilege of working with Gamage Recruiters, and I must commend their exceptional professionalism and collaborative work partnership throughout the talent acquisition process. Their unique and disciplined approach ensures they find the best fit for the role. Having worked with them for a considerable time, I wholeheartedly recommend Gamage Recruiters for executive hires without hesitation.",2025-06-09,Website,w       w                    s          s                                 ss      s                    w           s                               s           ss                     s                    s   s                 s                           w      w                  s                 w                                        s                   s w         s
"Your recruitment service was instrumental in fulfilling our urgent and critical hiring needs. It allowed us to discreetly recruit for senior positions without alerting the market, ensuring confidentiality throughout the process. Additionally, your ability to source qualified candidates with specialized expertise in our specific industry was invaluable.",2025-06-10,Website,s       w s   s                                                           s         w    s      s                    s        s     s w                              s                                          ss                                s                         s w    s                  s         s            s    w s
"Working with Gamage Recruiters has been an outstanding experience. Their team demonstrated exceptional professionalism, efficiency, and dedication in understanding our recruitment needs and delivering top-tier candidates.",2025-06-11,Website,w       w                    s   s            s                                    s                        ss      s                                      s                            s                                  s
Gamage Recruiters exceeded our expectations in every way. Their deep understanding of the maritime industry and commitment to finding the right talent made our hiring process smooth and efficient.,2025-06-12,Website,s                         s          w                    s                            s                                                                    ss s
"Working with Gamage Recruiters was a game-changer! They didn't just send resumes — they delivered top-tier talent with precision and speed. Sharp, professional, and truly in sync with our hiring goals. Highly recommended!",2025-06-13,Website,w       w                    s w s                               s  s      s   s                                  w         s        s      s           ss                    s    w                   s
"As an HR Manager, I am pleased to recommend Gamage Recruiters for their exceptional services. They consistently provided highly qualified candidates, tailored to our requirements, while maintaining clear and timely communication throughout the process.",2025-06-14,Website,s                         s                                s                       s      s          s s                                          s                             s  w                                                                    ss
"We've had a smooth and professional experience working with Gamage Recruiters. Their responsiveness, understanding of our requirements, and quality of shortlisted candidates have been commendable.",2025-06-15,Website,w           s               ss                 w       w                    s          s   s     ss       s                          s                 s      s             s
Gamage Recruiters gave me the perfect platform to develop my skills and gain industry exposure.,2025-06-16,Website,s                                            s    s              s        s
"Gamage Recruiters gave me the confidence to pursue a career in digital marketing. From managing LinkedIn and YouTube to developing content strategies, I gained valuable skills that helped me secure a full-time role as a Social Media Strategist.",2025-06-17,Website,s                              s                                                                                           s        s                    s    s                s                        s   s            s       s
"I started as a Business Analyst Intern at Gamage Recruiters, where I learned data analytics, market research, and business optimization strategies. The practical experience and guidance I received helped me land a role as a Data Analyst.",2025-06-18,Website,s        s     s   ss      s                            s  w                            s           s             s   ss              s        s                                                                          s             s
"Gamage Recruiters provided me with an incredible platform to enhance my technical and problem-solving skills. During my time here, I worked on real-world projects that strengthened my knowledge of the MERN stack. Today, I am a Full-Stack Developer!",2025-06-19,Website,s             w                                                               s       s    s                         w              w            s      s                  w                  s                         s
"My full time opportunity at Gamage Recruiters was a turning point in my career. I gained hands-on experience in recruitment, employee engagement, and HR operations, which helped me secure a full-time Senior HR Executive role.",2025-06-20,Website,s w s                                            s                                                                    s  w               s                  s
My six-month internship as a Software Team Lead Intern at Gamage Recruiters was truly an unforgettable experience. Every project we built and every problem we solved shaped me into a more confident and skilled developer.,2025-06-21,Website,s               s     s   s   w                                        s w s                                                  w                          w  s      s                                   s
"Gamage Recruiters helped me secure a stable and rewarding position as a Logistics Supervisor. Their support, from resume building to interview preparation, made all the difference in my job search.",2025-06-22,Website,s           s        s            w         s       s       s   s s      s          s               s                        w                                                s
"Thanks to Gamage Recruiters, I found a position that perfectly matches my skills and ambitions. Today, I am thriving as a Digital Marketing Specialist.",2025-06-23,Website,s                    s              s                           s    s    s             s                        s                     s       s
"I sincerely appreciate Gamage Recruiters for helping me take a major step forward in my career. With their assistance, I secured an Operations Manager role at a leading company.",2025-06-24,Website,s                                    s                             s       w                  w           ss s         s                   s
Gamage Recruiters played a crucial role in my career transition by helping me secure a position as a Business Analyst. Their recruitment process was seamless.,2025-06-25,Website,s                                        s                    s          s       s     s   ss      s                          ss w s s     ss
"I had been searching for the right job for months, but Gamage Recruiters finally helped me land my dream job as a Software Engineer. Highly recommend them!",2025-06-26,Website,s                                    s                      s                                      s   s   w
Finding a job that aligns with my passion was made possible by Gamage Recruiters. I am now excelling as an HR Coordinator.,2025-06-27,Website,s w         ss    w s        ss                        s         w            s
I am beyond grateful to Gamage Recruiters for connecting me with a Senior Marketing Executive role at a reputed firm.,2025-06-28,Website,s                   w      s
The team at Gamage Recruiters was incredibly supportive throughout my job search. Truly a life-changing experience.,2025-10-05,Website,s w s            s                            s
I expected more from Gamage Recruiters. The process was slow and communication could have been much better. Neutral experience overall.,2025-10-20,Website,s           ss w s s  w
"Worst recruitment company ever. Completely unprofessional, rude, and careless. Zero respect for customers. Don't waste your time.",2026-02-02,Google Reviews,w  s                                              ss                       ss         s           s     s        w s
The most disappointing recruitment company I've ever dealt with. There's a clear lack of professionalism and courtesy towards customers. A very unpleasant experience overall.,2025-12-03,Google Reviews,s    s                                               w           s                      ss      s            s    w   s   s     s               s
Unprofessional and disrespectful. They act like customers don't matter at all. One of the worst services I've dealt with.,2026-02-02,Google Reviews,ss            s  s                         s     s                                 w  s  s      s            w
Good service overall. The team was helpful and matched me to a decent role. Would consider using them again.,2025-11-10,Google Reviews,s                         w s                                          w        s      s
Average experience. Nothing extraordinary but got the job done. Response time could be faster.,2025-11-25,Google Reviews,s   s                  s
Very professional and prompt. They followed up regularly and made sure I was comfortable throughout the process. Highly recommend!,2025-12-15,Google Reviews,ss                            w                         s      w s                                 ss
"I was disappointed with the follow-up process. After the initial contact, communication dropped significantly.",2026-01-05,Google Reviews,w s   s          w             w         ss                                                   s
Gamage Recruiters recently helped us fill three critical positions within two weeks. Their speed and accuracy in identifying candidates was remarkable.,2026-02-03,Website,s                  s                       s     s w       w  w   s        s                                          s w s
Gamage Recruiters exceeded our expectations in every way. Their commitment to finding the right talent made our hiring process smooth and efficient.,2026-02-04,Website,s                         s          w                                                                      ss s
Working with Gamage Recruiters was a game-changer! They delivered top-tier talent with precision and speed. Highly recommended!,2026-02-05,Website,w       w                    s w s                                                w         s        s
Gamage Recruiters helped me land my first corporate job. The team was professional and genuinely invested in my success. Thank you!,2025-08-01,Facebook,s                      s                          w s      ss                        s          s    ss
Had a bad experience. They promised callbacks that never came. Very unprofessional behavior from the staff.,2025-08-20,Facebook,s           s                              ss                        s
Decent recruitment agency. They have a good network but the process could be more transparent.,2025-09-10,Facebook,w                 ss                   s
Absolutely loved working with Gamage Recruiters. The entire process was smooth and stress-free. I secured my dream job within 3 weeks!,2025-09-30,Facebook,s              w       w                    s                  ss w s s          s   ss         s                    w        w   s
Their customer service leaves a lot to be desired. I sent multiple follow-up emails with no response.,2025-10-15,Facebook,s      s            s               s        s                  w         s w         s   s
Just got placed by Gamage Recruiters into an amazing tech role! So grateful for their support and dedication.,2025-07-05,Instagram,s                                s                            s                     s
Mixed feelings. The job I was placed in didn't quite match what was described. Needs more clarity in job descriptions.,2025-07-25,Instagram,s            w s                              w    w s   s            s                       s        s
Gamage Recruiters is amazing! They truly understand what candidates need and deliver beyond expectations.,2025-08-10,Instagram,s  s                          s     w             s                                    s
"Quick, efficient, and professional. Gamage Recruiters helped me find the perfect role within a month!",2025-11-01,Instagram,ss                       s                                 w
